gen,eval,cost,f_disp,f_vel,sigma,elapsed_s,diverged,friction_gnd_cush,friction_gnd_paper,cush_solref_0,cush_solref_1,cush_solimp_0,cush_solimp_1,cush_solimp_2,cog_x,cog_y,cog_z,plasticity_ratio,cush_yield_pressure,plastic_hardening_modulus
0,1,0.164482,0.217309,0.111655,0.25000,32.8,False,0.10014,0.358073,0.000488861,1.50214,0.142094,0.81821,0.0290453,-0.00962732,-0.0169236,0.0152924,0.50363,4816.71,5592.07
0,2,0.147140,0.233875,0.060405,0.25000,23.4,False,0.553124,0.857351,0.00455247,0.77239,0.0772564,0.8673,0.0050456,0.0203137,0.033907,-0.00180032,0.498205,2359.6,8247.18
0,3,0.135211,0.202115,0.068307,0.25000,24.5,False,0.871663,1.43057,0.000945859,1.74321,0.191924,0.998895,0.0221083,-0.00747539,0.00229409,-0.0485907,0.256613,2346.26,288027
0,4,0.135978,0.206379,0.065578,0.25000,24.3,False,0.453822,0.315964,0.000458607,1.43482,0.140273,0.9104,0.0361135,0.002427,0.0242169,-0.0175519,0.235284,917.839,1602.72
0,5,0.112137,0.167556,0.056719,0.25000,24.2,False,0.840657,0.824002,0.00100798,0.88857,0.0443856,0.918556,0.0134793,-0.0200575,-0.00403227,0.0101016,0.672536,1866.68,50236
0,6,0.136862,0.195098,0.078626,0.25000,22.3,False,0.664638,0.22142,0.000959643,1.02861,0.401752,0.935621,0.0283013,-0.000867818,-0.0292178,0.0285716,0.448512,4040.63,4859.28
0,7,0.151228,0.216381,0.086075,0.25000,21.8,False,1.36633,0.102231,0.00248875,1.99218,0.0104778,0.907668,0.0224314,-0.0125872,-0.0387678,0.00171413,0.0901869,2714.86,4762.63
0,8,0.117851,0.172600,0.063101,0.25000,22.3,False,1.43622,0.327953,0.000606303,1.38643,0.0234334,0.967003,0.088544,-0.0401882,0.00461599,0.00649729,0.454416,318.518,2134.13
0,9,0.149604,0.231661,0.067547,0.25000,18.4,False,0.947922,0.841068,0.00147577,1.16456,0.0199303,0.967361,0.0280265,-0.0178593,0.0465104,0.0118462,0.0647085,3414.18,4263.93
0,10,0.119475,0.179518,0.059432,0.25000,22.0,False,1.07387,1.25034,0.000279413,1.45761,0.150566,0.998895,0.0879352,-0.00613487,-0.018844,-0.0222386,0.138871,1361.9,59387
1,11,0.136012,0.192940,0.079083,0.23389,32.4,False,0.724929,0.78966,0.0228474,0.528061,0.0123808,0.923439,0.0881689,0.000968188,-0.0158333,-0.0213096,0.530978,601.995,7471.45
1,12,0.137140,0.201069,0.073210,0.23389,28.3,False,1.17242,0.499393,0.000281449,1.51084,0.13731,0.979751,0.0706126,-0.0241478,0.0368751,0.00301255,0.605086,3499.14,9612.63
1,13,0.135563,0.188965,0.082161,0.23389,30.9,False,1.84318,1.93369,0.000376058,0.794467,0.172941,0.827264,0.0493094,-0.00229546,-0.0441836,0.00685194,0.292739,335.425,17411.7
1,14,0.147620,0.183205,0.112034,0.23389,26.8,False,1.27445,0.433074,0.0024309,0.982875,0.105755,0.902465,0.0236743,-0.0360294,0.0091789,0.0395266,0.262564,415.337,108145
1,15,0.110606,0.166731,0.054482,0.23389,33.0,False,1.49001,0.569659,0.000298373,0.527756,0.145896,0.90068,0.0122517,-0.0251887,-0.00119213,0.0101663,0.431468,1053.17,324.666
1,16,0.185971,0.211552,0.160389,0.23389,27.8,False,1.48486,1.54322,0.0023955,1.31126,0.0435679,0.989967,0.0119934,-0.0024597,-0.00355834,0.0272034,0.411416,4043.72,59375
1,17,0.144944,0.229521,0.060366,0.23389,26.7,False,1.00523,0.531989,0.00223203,0.244275,0.0538194,0.990787,0.00619967,-0.0478303,0.0497809,0.0456197,0.73499,612.837,82549.9
1,18,0.134500,0.204863,0.064138,0.23389,30.9,False,0.453866,0.294005,0.000187872,1.24485,0.055904,0.87056,0.0662897,-0.0100122,0.0226079,-0.0105322,0.758214,2443.75,74331.9
1,19,0.156251,0.223514,0.088987,0.23389,27.2,False,1.16211,1.42567,0.00468887,1.42169,0.0579067,0.973303,0.00713721,-0.046851,-0.0248087,-0.0072807,0.619113,2475.83,2301.11
1,20,0.114038,0.170819,0.057256,0.23389,28.9,False,1.08517,0.124114,0.00071268,1.0731,0.0190028,0.904735,0.0390545,-0.0199096,-0.0113267,-0.0245422,0.272065,558.227,17999.8
2,21,0.152391,0.190778,0.114003,0.22616,19.2,False,1.43402,0.131458,0.000198224,1.07214,0.132883,0.884856,0.0108682,-0.0213321,0.0152675,0.0230089,0.495472,1710.78,4102.47
2,22,0.121454,0.178498,0.064410,0.22616,21.2,False,1.15326,0.427456,0.0137864,0.826216,0.20041,0.860603,0.0231211,-0.00747677,-0.00461171,0.00245704,0.636839,295.66,3299.09
2,23,0.116714,0.180121,0.053306,0.22616,25.0,False,1.16647,0.799214,0.000106746,0.668326,0.0123262,0.83206,0.0560937,-0.0293353,0.00299246,0.0137858,0.491831,674.875,7407.19
2,24,0.153328,0.232377,0.074279,0.22616,20.1,False,0.970376,0.634661,0.000102906,1.318,0.0721279,0.930199,0.0303203,0.00846541,0.0392859,-0.00282739,0.292843,669.054,2851.66
2,25,0.111216,0.166581,0.055852,0.22616,23.8,False,1.08777,0.358202,0.000193531,0.817215,0.0271136,0.880489,0.0215398,-0.0499737,0.0129483,-0.00138339,0.371214,1199.81,3893.6
2,26,0.132321,0.187836,0.076807,0.22616,22.8,False,1.43037,0.166387,0.0005348,0.730495,0.135758,0.986506,0.0304612,-0.0404197,-0.0112175,0.0249264,0.303358,293.207,1739.22
2,27,0.123557,0.188791,0.058323,0.22616,22.6,False,1.62043,0.961199,0.00325035,0.468193,0.0887215,0.962939,0.0982019,-0.0399658,0.0171914,-0.00659922,0.606166,121.952,5830.95
2,28,0.127105,0.201885,0.052325,0.22616,23.2,False,1.25592,0.212872,0.000143372,0.311968,0.0406133,0.791443,0.0211282,0.0108257,0.00307553,0.0279072,0.355387,945.219,42759.1
2,29,0.126662,0.190513,0.062811,0.22616,29.8,False,1.28498,0.52471,0.000136366,1.08202,0.365137,0.891467,0.0120566,-0.049925,0.0126457,0.00171642,0.288304,789.892,296.597
2,30,0.130045,0.175526,0.084564,0.22616,35.1,False,1.93169,0.154976,0.000747605,0.775899,0.0609816,0.712257,0.086601,-0.0151745,-0.0335291,-0.0136297,0.557531,928.5,3400.72
3,31,0.149933,0.227326,0.072541,0.21765,24.7,False,1.08605,1.22669,0.000346678,0.438359,0.0163627,0.785037,0.0339163,-0.0482514,0.0491156,-0.0121953,0.438291,104.243,43886.4
3,32,0.129687,0.182471,0.076902,0.21765,26.1,False,1.05821,0.440397,0.000507598,1.07581,0.0338062,0.875573,0.0294743,-0.049172,-0.0173088,0.00699574,0.128299,819.102,8061.89
3,33,0.146399,0.226758,0.066040,0.21765,22.7,False,1.07067,0.266305,0.000611768,0.555019,0.0362638,0.868889,0.0100528,-0.0199106,0.043218,0.00310664,0.0436945,1510.03,2277.07
3,34,0.154637,0.245111,0.064163,0.21765,26.1,False,0.155321,0.100551,0.000396226,0.935537,0.0139652,0.876692,0.00613246,-0.0403928,0.0497432,0.0107984,0.484644,985.753,1476.33
3,35,0.154723,0.202625,0.106821,0.21765,28.6,False,0.722804,1.21938,0.000113265,0.371868,0.0418719,0.947578,0.0222387,-0.0396057,-0.0120065,0.00299778,0.632928,2535.69,2577.14
3,36,0.158712,0.197749,0.119675,0.21765,26.6,False,0.772952,0.75139,0.000109942,0.686806,0.0606792,0.841449,0.0665659,-0.0494039,-0.0175294,-0.0314979,0.415193,116.433,12848
3,37,0.121389,0.183188,0.059590,0.21765,22.1,False,1.50694,0.750509,0.00159254,1.38847,0.0508433,0.886072,0.0398664,-0.049801,0.00714567,-0.00700257,0.302014,435.653,5079.29
3,38,0.139115,0.195134,0.083097,0.21765,24.6,False,1.32478,0.606153,0.0014761,0.673275,0.0314859,0.817379,0.00342238,-0.0444292,-0.0264393,-0.0167516,0.561558,485.031,5038.12
3,39,0.113163,0.165610,0.060716,0.21765,21.8,False,1.21364,0.451621,0.000101467,0.350904,0.0946696,0.948079,0.00394902,-0.0168718,0.00145018,-0.000415901,0.626644,199.953,13209.6
3,40,0.119497,0.176549,0.062446,0.21765,20.3,False,1.0364,0.449876,0.00235783,1.17666,0.167421,0.852991,0.0629383,-0.00905671,0.0101847,-0.0081961,0.586684,366.271,4592.64
4,41,0.125271,0.174505,0.076036,0.20130,27.2,False,0.827594,1.32537,0.000100623,0.61491,0.08996,0.940129,0.00496118,-0.0187705,-0.0265465,-0.0144413,0.202637,504.608,695.017
4,42,0.134064,0.190867,0.077262,0.20130,23.9,False,1.61515,0.437566,0.000136133,0.784128,0.180644,0.900147,0.0316169,-0.0184158,-0.0309126,0.0152774,0.782246,832.442,23484.9
4,43,0.112706,0.168186,0.057227,0.20130,23.4,False,1.21562,0.124704,0.000610247,0.630894,0.0907429,0.899696,0.0151297,-0.0231838,0.000469196,-0.00589291,0.436995,358.46,4664.39
4,44,0.136683,0.190558,0.082807,0.20130,24.6,False,0.934579,0.164088,0.000167009,1.58215,0.230434,0.980267,0.0960751,-0.0243586,-0.0244018,0.00438793,0.668176,172.381,21173.6
4,45,0.113273,0.168012,0.058535,0.20130,25.9,False,0.964063,0.566887,0.000111861,0.627,0.266569,0.907492,0.017222,-0.00578433,-0.0123934,0.0117013,0.473872,661.344,86205.3
4,46,0.158790,0.231393,0.086187,0.20130,23.0,False,0.916116,0.1432,0.00098827,1.52085,0.015058,0.958013,0.00315791,-0.0295422,-0.046253,-0.0150666,0.458642,293.95,42255.8
4,47,0.124462,0.188161,0.060762,0.20130,23.7,False,0.861984,0.73422,0.00356698,1.10203,0.129223,0.97025,0.0105132,0.00882113,-0.029103,-0.0121653,0.115957,2895.53,5694.43
4,48,0.128983,0.191972,0.065994,0.20130,21.8,False,1.0976,0.492224,0.000395362,1.11002,0.0272409,0.945127,0.0104898,-0.0218823,-0.00107914,-0.0140635,0.389502,299.485,25088.2
4,49,0.148754,0.223287,0.074221,0.20130,18.9,False,1.03019,0.118972,0.00158465,1.87877,0.0264252,0.869216,0.0358659,-0.0217957,0.0499984,0.00486646,0.414082,273.27,603.916
4,50,0.128526,0.181188,0.075864,0.20130,20.7,False,0.815793,0.292837,0.000233876,0.93362,0.0100721,0.883344,0.00515834,-0.0350547,0.00765294,0.0144417,0.354207,953.389,3083.06
5,51,0.129711,0.182736,0.076687,0.17808,24.6,False,0.912688,0.84271,0.000110487,0.757879,0.104473,0.916103,0.00801843,-0.0420897,-0.0209814,-0.00195696,0.256314,598.898,1263.85
5,52,0.161217,0.217170,0.105265,0.17808,26.5,False,0.789211,0.640867,0.000373993,0.388121,0.0665642,0.894194,0.0723077,-0.0102816,-0.0187266,-0.0234995,0.399264,192.605,8998.56
5,53,0.117978,0.183702,0.052253,0.17808,27.0,False,1.15539,1.00485,0.000551199,0.440352,0.0482449,0.951524,0.0161955,-0.0219973,-0.00860656,-0.00224295,0.369914,809.125,78363.3
5,54,0.117088,0.169502,0.064674,0.17808,21.0,False,0.839386,0.410807,0.000216302,0.535095,0.108752,0.959201,0.0039898,-0.0325805,0.0154219,0.00146272,0.335189,868.239,14718.2
5,55,0.135297,0.200296,0.070297,0.17808,22.1,False,1.53451,0.922818,0.000118444,0.905037,0.0132471,0.895072,0.00657775,0.0158059,-0.00847275,-0.0177467,0.658303,338.512,2403.82
5,56,0.132730,0.185289,0.080171,0.17808,27.6,False,1.12355,0.296466,0.00478979,0.299897,0.190743,0.877135,0.011296,-0.00799074,-0.0245274,0.00145341,0.277056,109.431,33258.9
5,57,0.124357,0.174595,0.074120,0.17808,26.4,False,0.526321,0.552431,0.000340649,0.969848,0.11385,0.882127,0.0125436,-0.00343321,-0.0282253,0.0040033,0.359544,1666.34,3456.96
5,58,0.123776,0.173435,0.074117,0.17808,26.5,False,0.673687,0.376424,0.000259415,0.860429,0.105573,0.857464,0.00939715,-0.00336279,-0.0282803,0.00178521,0.451747,1610.04,92467.5
5,59,0.113919,0.167879,0.059959,0.17808,25.6,False,0.868125,0.494521,0.000680377,0.988287,0.160948,0.921398,0.0205726,-0.0110505,-0.00435297,-0.0143662,0.472619,576.319,11432.7
5,60,0.125460,0.174790,0.076129,0.17808,27.9,False,1.01003,0.144345,0.000851971,0.383519,0.172073,0.85018,0.00792224,0.018811,-0.0240316,0.0277966,0.327991,575.867,4894.05
6,61,0.127857,0.195283,0.060431,0.16241,32.8,False,0.956938,0.108857,0.000645274,1.32593,0.0234421,0.948967,0.0104662,-0.0110544,-0.0178415,-0.0194698,0.306673,565.18,124320
6,62,0.114657,0.171116,0.058199,0.16241,38.3,False,0.858503,0.2138,0.000202362,0.594871,0.291253,0.951933,0.00864736,0.00211275,-0.0264237,-0.00989916,0.512372,1358.91,35246.2
6,63,0.130653,0.197094,0.064213,0.16241,35.6,False,1.02608,0.531545,0.000824576,0.414626,0.056705,0.901758,0.00977588,0.0207898,-0.0134515,-0.0229082,0.32188,1085.42,17297.5
6,64,0.136064,0.214400,0.057728,0.16241,32.4,False,0.619705,0.115178,0.00064244,0.551369,0.0350101,0.955778,0.0164861,-0.0112595,0.0246538,0.00673502,0.404464,2718.86,35667
6,65,0.112549,0.170623,0.054474,0.16241,37.5,False,1.12539,0.685611,0.00129769,0.561924,0.193991,0.84553,0.0151913,0.0149356,-0.0216482,-0.00317642,0.430424,1425.87,20591.1
6,66,0.128281,0.172901,0.083661,0.16241,33.6,False,0.9981,0.361131,0.00163794,0.695332,0.0931447,0.86519,0.00927764,-0.021958,-0.00228927,0.0260677,0.506591,696.743,16200.4
6,67,0.123757,0.171864,0.075650,0.16241,37.8,False,0.681431,0.244063,0.00390376,0.950814,0.19705,0.976863,0.0207317,-0.0433566,-0.00689691,-0.00648805,0.4633,1458.05,10800.8
6,68,0.120859,0.182694,0.059023,0.16241,35.5,False,0.917129,0.329681,0.00124218,1.02271,0.0228163,0.878103,0.00868078,-0.0152268,-0.00936845,-0.0032053,0.356271,400.266,3315.81
6,69,0.120232,0.172884,0.067579,0.16241,30.5,False,1.5824,0.37713,0.000392921,0.477962,0.174568,0.975652,0.00777858,-0.00922288,0.00795257,0.00751165,0.452182,409.19,7689.44
6,70,0.125494,0.183082,0.067906,0.16241,30.5,False,1.27199,0.452721,0.000576399,0.630267,0.0816036,0.99888,0.00604316,-0.000503942,-0.0120999,-0.0068163,0.173576,1520.93,40022.7
7,71,0.110306,0.167680,0.052931,0.15956,36.3,False,1.08764,0.749328,0.000215884,0.479852,0.223454,0.88666,0.0112724,-0.00988171,-0.00543873,0.0108655,0.542094,439.693,4705.46
7,72,0.115064,0.170913,0.059215,0.15956,34.4,False,0.818768,0.463553,0.00230651,1.01353,0.263009,0.998879,0.0349038,0.0144662,-0.018514,-0.0223375,0.502522,408.243,252165
7,73,0.115976,0.170051,0.061900,0.15956,33.8,False,0.772969,0.610674,0.000783418,0.678583,0.267449,0.847783,0.00684485,0.0333948,-0.0257787,-0.00626064,0.423536,628.442,91202.3
7,74,0.135599,0.187648,0.083550,0.15956,33.0,False,1.04988,0.484956,0.000192872,1.17185,0.200788,0.852154,0.013194,-0.00965794,-0.0142324,0.011691,0.521926,1279.65,16367.7
7,75,0.146034,0.199085,0.092983,0.15956,41.5,False,0.627654,0.78118,0.00167792,0.300137,0.267999,0.832968,0.00914689,-0.0147318,-0.0221137,-0.0117111,0.54883,1914.83,15643.4
7,76,0.133473,0.188061,0.078885,0.15956,40.4,False,0.649399,0.37193,0.000885559,0.259887,0.370327,0.91811,0.0202715,-0.00734483,-0.0138596,0.0146125,0.608425,672.451,12470.6
7,77,0.125935,0.186624,0.065246,0.15956,30.9,False,1.24317,0.616748,0.000100155,0.801009,0.235811,0.835112,0.00786827,0.0114488,-0.0162221,-0.0175293,0.297033,1428.15,16357.8
7,78,0.117414,0.179351,0.055478,0.15956,35.2,False,0.632906,0.361642,0.000295641,0.922459,0.17042,0.854958,0.0339256,0.00264584,-0.00691775,-0.00779898,0.455117,732.172,52141
7,79,0.161794,0.218828,0.104760,0.15956,40.5,False,1.49452,0.312547,0.0054823,0.127023,0.0956505,0.890525,0.0156796,0.0130767,-0.0274766,-0.00527267,0.683599,650.232,25034.4
7,80,0.118710,0.174329,0.063091,0.15956,30.9,False,1.15565,0.676912,0.000207219,1.15893,0.117008,0.853938,0.0287202,0.0116489,-0.0148078,-0.00737021,0.329171,1188.28,132430
8,81,0.115284,0.175058,0.055510,0.15431,25.9,False,0.817006,0.617271,0.000298023,0.659011,0.254425,0.892382,0.0218207,0.00767615,-0.0153501,-0.0106246,0.441796,728.611,11608.7
8,82,0.139042,0.187629,0.090455,0.15431,23.0,False,0.483156,0.76046,0.000239205,0.968497,0.255966,0.885643,0.0101415,-0.0425499,0.00751301,0.0365102,0.585414,361.676,8854.46
8,83,0.120006,0.176543,0.063469,0.15431,21.7,False,0.839069,0.985887,0.000810789,1.03,0.158486,0.814048,0.0118772,0.00895803,-0.0100364,-0.0123759,0.365277,521.961,10096.3
8,84,0.138712,0.195252,0.082172,0.15431,22.0,False,1.13239,0.572807,0.000502431,1.05153,0.231095,0.853465,0.0186934,-0.00586201,-0.0236958,0.0226797,0.504804,603.49,6268.53
8,85,0.126148,0.195684,0.056612,0.15431,28.6,False,0.972691,0.883152,0.000367242,0.284589,0.260241,0.924156,0.01096,-0.0286523,-0.00149436,-0.008401,0.601711,215.547,10191.4
8,86,0.125476,0.177492,0.073460,0.15431,27.1,False,1.5188,0.333095,0.00281352,0.284863,0.337169,0.831942,0.00950812,-0.041475,-0.00252332,0.0145286,0.529448,458.956,2243.69
8,87,0.134689,0.198786,0.070592,0.15431,21.6,False,1.08711,1.28593,0.000456001,0.694918,0.261462,0.919852,0.00618257,0.0169592,0.00429578,-0.00954555,0.534157,2117.47,22152.2
8,88,0.129311,0.202504,0.056119,0.15431,24.3,False,0.681823,0.46745,0.000367111,0.241115,0.228858,0.843524,0.00455662,0.0129357,0.000451428,0.00805095,0.489617,244.543,117762
8,89,0.122455,0.191837,0.053073,0.15431,26.0,False,0.758048,0.750499,0.000806983,0.472518,0.185733,0.938783,0.0556037,0.0039458,-0.0115012,0.0111269,0.361381,420.19,70436.8
8,90,0.120761,0.182371,0.059152,0.15431,21.1,False,1.12103,0.135054,0.000502793,0.636128,0.262236,0.946334,0.023951,-0.00754177,0.00282511,-0.0231641,0.54051,911.746,7106.51
9,91,0.124382,0.173633,0.075132,0.14381,26.9,False,0.665903,0.786924,0.000594717,0.857334,0.2889,0.853909,0.0114617,-0.0208464,-0.0223772,-0.0182259,0.316945,667.819,16998.3
9,92,0.158387,0.207539,0.109235,0.14381,28.3,False,0.859179,0.127523,0.00188571,0.292784,0.159921,0.912996,0.0565661,-0.0196911,-0.0154423,0.000775189,0.313936,1481.31,3965.69
9,93,0.125054,0.188712,0.061395,0.14381,21.9,False,0.869789,0.591908,0.000463009,0.649696,0.373767,0.856242,0.0327804,0.0247477,-0.00386716,-0.0113889,0.579864,233.449,4832.72
9,94,0.114951,0.172658,0.057245,0.14381,26.3,False,0.754284,0.664069,0.00015006,0.833902,0.299323,0.875526,0.0135859,0.0143302,-0.0316532,-0.0114999,0.519545,1770.71,5890.03
9,95,0.127767,0.190136,0.065398,0.14381,27.7,False,1.16613,0.88652,0.00084309,0.97575,0.256717,0.904081,0.0149583,-0.0149722,0.00544071,-0.0385329,0.583538,935.098,14494.3
9,96,0.118177,0.175530,0.060824,0.14381,31.5,False,1.00447,0.647875,0.000772485,0.847416,0.0377234,0.813128,0.0134245,0.00808249,-0.0147937,-0.0262949,0.314677,503.775,423.346
9,97,0.112582,0.168696,0.056468,0.14381,33.4,False,0.875561,0.49089,0.000305857,0.890065,0.151813,0.908226,0.0208251,0.00748176,-0.0202503,-0.0115472,0.374862,920.525,27343.8
9,98,0.120499,0.180248,0.060750,0.14381,38.2,False,0.870652,0.96887,0.000401394,0.547273,0.215725,0.879468,0.0305698,0.0141294,-0.0314857,-0.00736342,0.361658,1960.12,14868.9
9,99,0.116618,0.177692,0.055543,0.14381,37.2,False,0.748671,0.559667,0.000770293,0.594168,0.100251,0.900256,0.00980205,0.00076111,-0.0141755,-0.0147218,0.357296,302.364,1398.85
9,100,0.116128,0.172592,0.059664,0.14381,30.9,False,1.02816,0.37457,0.000889301,0.731701,0.137034,0.854996,0.0164395,-0.00377753,0.000716763,-0.000563529,0.458099,822.447,7186.53
10,101,0.122133,0.181454,0.062811,0.13074,23.5,False,1.39079,0.860944,0.000209329,0.754487,0.250959,0.860269,0.01138,-0.00197273,-0.0145355,-0.0244378,0.466668,308.758,7546.21
10,102,0.121651,0.183041,0.060261,0.13074,24.6,False,0.878019,0.53946,0.000507593,0.737614,0.150529,0.876774,0.0133271,-0.00155117,0.000235429,-0.0247378,0.542208,681.122,7990.81
10,103,0.130843,0.184513,0.077173,0.13074,28.3,False,0.629807,0.698895,0.000994163,1.02921,0.345205,0.847875,0.0103872,0.00680465,-0.0458213,-0.00550836,0.541238,1104.78,2790.59
10,104,0.111346,0.168733,0.053958,0.13074,27.7,False,0.655742,0.593233,0.000635292,0.839997,0.256211,0.833804,0.0239148,0.00598114,-0.0121842,0.00347255,0.458967,414.581,3181.05
10,105,0.121917,0.181019,0.062816,0.13074,21.1,False,1.03717,0.412267,0.00070421,1.01602,0.118774,0.947383,0.0295872,0.00875264,-0.000972235,-0.0109988,0.444273,3056.32,32552.7
10,106,0.128465,0.178747,0.078183,0.13074,28.1,False,0.481658,0.668346,0.00084748,0.711911,0.280224,0.868531,0.0323103,0.00272618,-0.0267046,0.00829836,0.372655,1249.64,6472.13
10,107,0.124055,0.173113,0.074998,0.13074,26.2,False,0.742252,1.00468,0.000380139,0.707902,0.203538,0.858653,0.00726664,-0.0110034,-0.0237181,-0.00624962,0.449618,1784.78,3210.76
10,108,0.119362,0.185143,0.053582,0.13074,26.3,False,0.771547,0.41714,0.000601139,0.509535,0.215507,0.935719,0.0222671,0.0155225,-0.0140297,0.00144634,0.509458,603.497,5880.8
10,109,0.129882,0.194196,0.065567,0.13074,25.0,False,0.723038,0.618189,0.000100682,0.600093,0.115898,0.857684,0.0706496,0.029674,-0.0270892,-0.0041693,0.406923,1064.69,6824.29
10,110,0.112548,0.169625,0.055470,0.13074,22.2,False,0.95393,0.805101,0.000145246,0.998783,0.192626,0.890161,0.029529,0.00648094,-0.0182308,0.00535371,0.567342,1414.69,4935.41
11,111,0.113729,0.169702,0.057756,0.12387,23.0,False,1.07634,0.671601,0.000198155,0.706025,0.306412,0.824938,0.0255543,0.0185617,-0.0171034,-0.00791114,0.570539,1028.15,5715.09
11,112,0.162892,0.220468,0.105315,0.12387,29.4,False,0.430627,0.1,0.000229926,0.337971,0.217476,0.81985,0.0489848,-0.0141866,-0.0137923,-0.0155748,0.441093,1503.31,3193.7
11,113,0.112042,0.166328,0.057757,0.12387,23.8,False,0.678799,0.411348,0.000467764,0.996603,0.247544,0.889904,0.0170522,-0.00170729,-0.0107043,-0.00614493,0.651889,1076.13,11982
11,114,0.122404,0.184024,0.060784,0.12387,25.0,False,0.588074,0.60803,0.000303305,1.00171,0.174207,0.820665,0.0520023,-0.000328016,-0.00677906,-0.0223751,0.627067,341.583,4934.03
11,115,0.127270,0.187092,0.067449,0.12387,21.4,False,0.649179,0.848642,0.000575213,0.909575,0.230096,0.858426,0.0178168,0.034739,-0.00340569,0.0190177,0.615521,1319.7,2034.48
11,116,0.119599,0.181791,0.057407,0.12387,29.1,False,0.798175,0.45287,0.000101505,0.689241,0.1793,0.849175,0.0407538,0.0222169,-0.0294048,-0.0141308,0.41169,457.163,10074
11,117,0.112601,0.170538,0.054663,0.12387,27.9,False,0.759731,0.700477,0.000273465,0.851564,0.226396,0.841677,0.0445823,-0.0118521,-0.00794877,0.00507679,0.721913,226.821,5196.31
11,118,0.114550,0.175592,0.053507,0.12387,27.7,False,0.734317,0.597366,0.00168823,0.783939,0.102428,0.932463,0.0270509,0.00737609,-0.0125009,0.00452748,0.405758,590.715,7977.38
11,119,0.113819,0.170943,0.056695,0.12387,32.6,False,0.893327,0.512332,0.000450501,1.01536,0.296253,0.870155,0.0308471,0.0125072,-0.0215927,-0.0096011,0.582965,440.625,7055.46
11,120,0.136209,0.203916,0.068502,0.12387,34.3,False,0.751957,0.524803,0.00114741,0.333424,0.159743,0.817769,0.0160752,0.0338025,-0.0242997,-0.00684259,0.506264,387.106,21965.8
12,121,0.112789,0.171086,0.054492,0.12124,32.4,False,1.21295,0.233735,0.000133505,0.882943,0.277462,0.834705,0.0338493,-0.0244429,-0.00745107,-0.0151067,0.675093,407.385,1009.31
12,122,0.119976,0.174385,0.065568,0.12124,37.6,False,0.70952,0.523365,0.000119148,0.4964,0.32321,0.863849,0.0245664,-0.00130343,-0.0159281,0.010722,0.499143,681.848,18607.4
12,123,0.125311,0.174189,0.076433,0.12124,34.8,False,1.05964,0.556587,0.000102053,0.862642,0.255182,0.877179,0.0265151,-0.0250352,-0.0146484,-0.0017175,0.609221,1089.3,5574.46
12,124,0.119363,0.177295,0.061430,0.12124,32.6,False,0.820469,0.462141,0.000338368,1.15054,0.219853,0.791025,0.0139862,-0.00357739,-0.0141465,0.0056866,0.663314,327.262,21189.6
12,125,0.117941,0.174112,0.061770,0.12124,28.5,False,1.22697,0.776298,0.000304985,1.02238,0.318347,0.920161,0.0431922,-0.000625528,-0.00937966,-0.0195135,0.688161,1067.42,14698.8
12,126,0.116248,0.169036,0.063460,0.12124,34.7,False,0.897005,0.902331,0.000355266,0.803333,0.301241,0.831818,0.0279744,-0.0151207,-0.00729449,0.0101619,0.574236,613.111,15936.1
12,127,0.114007,0.172657,0.055356,0.12124,36.2,False,0.569859,0.661099,0.000227296,0.941118,0.277234,0.866612,0.0208679,0.00394625,-0.0205118,-0.0223717,0.577521,1047.11,16449.7
12,128,0.132472,0.183725,0.081218,0.12124,32.8,False,0.979195,0.625509,0.000160622,1.07973,0.377558,0.839465,0.0162929,-0.00767403,-0.0137363,0.00941558,0.733073,750.363,8153.72
12,129,0.113442,0.174839,0.052045,0.12124,33.3,False,0.508459,0.410407,0.000382839,0.702285,0.332942,0.852968,0.0323079,-0.00411611,-0.00723497,0.00384549,0.529265,930.098,9673.57
12,130,0.112194,0.166997,0.057391,0.12124,28.2,False,1.07159,0.5721,0.000237859,0.847584,0.181927,0.830281,0.0285312,0.00311537,-0.0124212,-0.000202742,0.69775,1028.73,25349.1
13,131,0.125812,0.174498,0.077126,0.11800,27.4,False,0.642331,0.442829,0.000163249,0.801794,0.25899,0.841612,0.0158611,-0.019447,-0.0225271,-0.0156664,0.493958,633.629,18883.5
13,132,0.112780,0.168754,0.056807,0.11800,23.4,False,1.09918,0.58083,0.000100922,0.939498,0.163289,0.857958,0.0888782,-0.0153798,-0.00305297,-0.00745512,0.43551,1244.88,27108.5
13,133,0.119635,0.180107,0.059164,0.11800,23.3,False,0.823081,0.325111,0.000103552,0.915892,0.121488,0.8279,0.0417864,-0.00485288,-0.00599844,-0.0221578,0.665973,393.419,2328.25
13,134,0.119620,0.174528,0.064713,0.11800,24.1,False,1.19838,0.593105,0.000322672,0.916225,0.313773,0.823609,0.0660461,-0.0219687,-0.0124269,-0.0150084,0.693647,639.582,2564.96
13,135,0.124372,0.176828,0.071916,0.11800,24.0,False,1.13461,0.463984,0.000463442,0.967033,0.25043,0.819734,0.0242945,0.0105792,-0.0269844,0.00321708,0.652798,1027.7,23408.4
13,136,0.119491,0.174733,0.064250,0.11800,21.4,False,1.46936,0.743781,0.000183037,0.940519,0.253995,0.86024,0.0824564,0.00990163,-0.0073993,-0.00901522,0.68913,1264.72,10873
13,137,0.116697,0.172421,0.060973,0.11800,21.7,False,1.19076,0.363355,0.000266349,0.912206,0.256897,0.86766,0.0399557,0.010376,-0.0158834,-0.0266825,0.66023,567.854,9949.03
13,138,0.112663,0.169173,0.056152,0.11800,25.1,False,0.895324,0.343376,0.000166709,0.830988,0.291879,0.800826,0.0411302,-5.28145e-06,-0.0155212,0.00590952,0.672967,676.176,29187.3
13,139,0.116408,0.172785,0.060032,0.11800,20.2,False,1.15363,0.428533,0.000140355,1.12597,0.253642,0.803624,0.0596036,-0.016238,-0.00375993,-0.0200294,0.640805,752.627,7600.55
13,140,0.121397,0.174429,0.068365,0.11800,23.9,False,1.22194,0.272643,0.000310465,0.590605,0.217021,0.782942,0.0369132,-0.0209135,-0.0117052,-0.00123191,0.695914,270.01,12071
14,141,0.125105,0.188410,0.061801,0.11986,26.9,False,0.955089,0.609173,0.000134012,0.539599,0.241874,0.794729,0.0335684,0.00485905,-0.0107304,-0.0203911,0.668148,812.294,2882.47
14,142,0.118623,0.174618,0.062627,0.11986,22.1,False,1.13492,0.317378,0.000125466,1.09836,0.195966,0.860694,0.050304,0.0161136,-0.00935215,-0.0118251,0.703117,726.62,20390.7
14,143,0.115253,0.171612,0.058893,0.11986,26.0,False,0.886902,0.450041,0.00010327,0.811422,0.164212,0.843713,0.0422737,0.00276073,-0.0199956,0.00337856,0.547857,896.298,35424.5
14,144,0.116270,0.178541,0.053999,0.11986,27.7,False,0.726387,0.261222,0.000205357,0.666635,0.260847,0.838239,0.0640005,0.00146223,-0.0165133,0.000854948,0.626471,3292.01,84330.2
14,145,0.114882,0.174142,0.055622,0.11986,29.6,False,0.949654,0.433979,0.000113494,0.922188,0.106101,0.804324,0.0498724,-0.0309012,0.0116516,-0.000215697,0.682616,1779.08,113670
14,146,0.125137,0.188705,0.061570,0.11986,34.1,False,0.894122,0.478227,0.000101866,0.630763,0.249562,0.740351,0.0331917,-0.000982949,0.000766284,-0.0195683,0.560263,467.886,47200.3
14,147,0.114001,0.170641,0.057362,0.11986,33.2,False,1.09657,0.722883,0.000123311,0.979706,0.33294,0.806767,0.0918337,-0.00174502,-0.00740285,-0.00403599,0.580105,660.36,21603.9
14,148,0.123252,0.182050,0.064454,0.11986,34.3,False,1.00735,0.853252,0.000144931,0.736938,0.247483,0.837984,0.0523359,-0.000340329,-0.0075986,-0.0318025,0.62298,976.483,21124.8
14,149,0.111633,0.168265,0.055000,0.11986,34.6,False,0.948795,0.100837,0.00015352,0.9872,0.309024,0.784569,0.0858046,-0.0199068,-0.00125363,-0.00517726,0.529803,945.932,18831
14,150,0.118569,0.174650,0.062488,0.11986,28.5,False,1.29832,0.586782,0.00012902,0.993011,0.242257,0.820654,0.0264791,-0.0049835,-0.00480472,-0.0144707,0.480833,1052.65,6992.82
15,151,0.115053,0.170509,0.059597,0.13050,33.6,False,0.88033,0.343397,0.00014943,1.08387,0.272607,0.84543,0.0994877,-0.000871687,-9.95221e-07,-0.0124645,0.555336,1604.54,158230
15,152,0.120900,0.179832,0.061968,0.13050,30.8,False,1.0182,0.3584,0.0001554,1.39899,0.334404,0.840797,0.066637,-0.0132913,-0.00108754,-0.0167871,0.610535,2066.36,118678
15,153,0.115303,0.172745,0.057862,0.13050,38.0,False,0.777238,0.232299,0.000101549,1.12284,0.240473,0.841928,0.0892843,-0.0133883,-0.0161161,-0.0201759,0.759075,1266.51,1614.26
15,154,0.113391,0.173609,0.053174,0.13050,39.2,False,0.896718,0.711592,0.000162984,0.693315,0.300739,0.886656,0.0438402,-0.0235223,-0.00747268,-0.010928,0.513004,1141.74,19361.2
15,155,0.112100,0.167685,0.056515,0.13050,32.6,False,0.939861,0.16898,0.000137329,0.967547,0.216505,0.825612,0.0740536,-0.0205869,0.0052793,-0.00274433,0.496775,1076.84,150396
15,156,0.113311,0.171767,0.054855,0.13050,36.0,False,1.1252,0.68298,0.000226736,0.684337,0.159669,0.790013,0.0704458,-0.0070439,-0.00718881,0.013412,0.412131,1107.42,15191.3
15,157,0.113079,0.167677,0.058480,0.13050,33.3,False,1.03981,0.330992,0.000100217,0.813616,0.404835,0.790615,0.0514373,0.011697,-0.0137332,-0.00322999,0.658159,1213.47,70456.2
15,158,0.118501,0.175535,0.061468,0.13050,30.3,False,1.20678,0.12211,0.000126036,1.21215,0.294794,0.734293,0.0743562,-0.0198229,-0.000865422,-0.00699051,0.512161,1675.54,61141.6
15,159,0.123165,0.181075,0.065255,0.13050,23.0,False,1.38327,0.312099,0.000100403,1.18027,0.29371,0.814022,0.0987452,-0.0191081,0.00148571,-0.0169145,0.563495,3923.91,26179.9
15,160,0.123120,0.171753,0.074488,0.13050,25.9,False,1.22386,0.407726,0.00034833,0.555973,0.269843,0.765536,0.0997577,-0.00159629,-0.0107793,0.0223229,0.433465,1411.09,13621.1
16,161,0.113051,0.169529,0.056574,0.13361,34.4,False,1.03066,0.635824,0.000135111,0.828008,0.278871,0.781387,0.049486,-0.020555,0.00206047,-0.00753484,0.43337,1321.51,49713.8
16,162,0.131986,0.179355,0.084618,0.13361,40.1,False,1.07332,0.10011,0.000699217,0.550374,0.304857,0.7771,0.0585658,-0.0316593,-0.0145602,-0.0136877,0.534438,1339.4,101301
16,163,0.117780,0.178415,0.057146,0.13361,33.9,False,0.980753,0.41695,0.000245665,0.740509,0.253584,0.818855,0.0631273,0.000437133,0.00217069,-0.0012822,0.487431,1577.35,6069.24
16,164,0.124855,0.186292,0.063418,0.13361,32.8,False,0.804236,0.508993,0.000100024,0.835097,0.150091,0.892506,0.0700802,-0.00820629,0.000100108,-0.0232947,0.425376,1575.57,29095.4
16,165,0.124968,0.182143,0.067792,0.13361,29.7,False,1.15578,0.256011,0.000200747,1.11979,0.273133,0.810524,0.0995273,-0.0137949,0.0215588,0.0139488,0.675243,492.571,19989.3
16,166,0.120707,0.184683,0.056731,0.13361,40.7,False,0.543235,0.120322,0.00010004,0.465762,0.352415,0.81297,0.0432626,-0.00855368,-0.0120446,0.0112942,0.622748,1884.81,72532.1
16,167,0.117838,0.171475,0.064202,0.13361,37.1,False,0.838024,0.565528,0.000100047,1.02696,0.283032,0.779613,0.0732757,-0.0204915,-0.00961229,-0.00251183,0.565929,591.835,296134
16,168,0.118811,0.183516,0.054105,0.13361,37.4,False,0.449494,0.203939,0.000113583,0.723634,0.364563,0.804163,0.042549,-0.00643605,-0.000474171,0.00372268,0.61127,1831.56,190520
16,169,0.112023,0.167759,0.056287,0.13361,34.5,False,0.865967,0.309925,0.000121547,0.843378,0.274157,0.843647,0.0350874,-0.0156693,0.000567059,0.00104564,0.690883,4328.68,17409.1
16,170,0.126033,0.193426,0.058640,0.13361,33.7,False,0.452848,0.709846,0.00049433,1.00927,0.19452,0.779638,0.0614792,-0.00924881,0.00734821,-0.00896657,0.46866,2427.53,127518
17,171,0.116344,0.170285,0.062402,0.13125,27.4,False,1.31218,0.114764,0.000274485,0.968316,0.232645,0.723346,0.0276206,-0.0286452,0.0145449,-0.000127769,0.640361,2991.36,102038
17,172,0.111681,0.168930,0.054432,0.13125,31.1,False,0.999357,0.898962,0.000106043,0.852731,0.23574,0.828102,0.0598012,-0.0081529,-0.0050338,0.00108398,0.535953,1804.39,75235.7
17,173,0.116242,0.168932,0.063552,0.13125,27.8,False,1.13713,0.585775,0.000117394,0.984246,0.235265,0.754433,0.0469931,-0.0139517,0.0142861,0.0165757,0.562532,1137.8,4358.38
17,174,0.118739,0.179681,0.057796,0.13125,28.9,False,0.841314,0.480156,0.000214726,1.01119,0.109296,0.915543,0.0462327,-0.0211565,0.0155343,-0.00243033,0.364895,1102.88,6828.46
17,175,0.115760,0.172420,0.059100,0.13125,23.0,False,0.955102,0.111995,0.000233708,0.921182,0.296231,0.783132,0.0543466,-0.0020844,-2.35767e-05,-0.0124313,0.599753,1346.64,12764.2
17,176,0.118477,0.169087,0.067868,0.13125,25.4,False,1.00506,0.435875,0.000179691,0.792984,0.287505,0.83123,0.0796175,-0.00867626,-0.00636248,0.0190234,0.617899,1996.86,6190.25
17,177,0.114487,0.167275,0.061699,0.13125,22.4,False,1.20978,0.223834,0.000425147,0.873083,0.361796,0.785193,0.0905937,-0.00834772,0.00778243,0.009553,0.660413,3671.14,25789.2
17,178,0.112925,0.168956,0.056895,0.13125,23.9,False,0.809075,0.627666,0.000105467,1.05466,0.292514,0.798257,0.0645411,-0.007062,-0.00667142,-0.0165493,0.631584,866.395,12718.5
17,179,0.114508,0.167104,0.061913,0.13125,27.1,False,0.737904,0.295436,0.000101562,1.35677,0.23639,0.813673,0.0225896,-0.0371014,0.0161008,-0.00361332,0.55717,1926.47,221051
17,180,0.112460,0.170245,0.054675,0.13125,29.8,False,0.993903,0.267656,0.000147337,0.779394,0.262096,0.889461,0.0813176,-0.0160289,0.00271745,0.00252765,0.523675,3691.52,71608
18,181,0.110738,0.168508,0.052969,0.12365,36.8,False,0.940773,0.36951,0.000115953,0.693913,0.269567,0.800424,0.0196683,-0.00196857,-0.01514,-0.00231294,0.671842,4947.71,27406.6
18,182,0.111683,0.163131,0.060236,0.12365,30.8,False,1.00571,0.840514,0.000118913,0.955879,0.212145,0.891813,0.0286224,-0.00695765,-0.00328749,0.0138817,0.533657,1028.91,193978
18,183,0.124338,0.189549,0.059128,0.12365,30.9,False,1.0138,0.719445,0.000101623,0.747546,0.18144,0.857698,0.0477414,-0.003556,0.0121554,-0.00507317,0.546071,2040.3,298850
18,184,0.126034,0.173519,0.078550,0.12365,37.7,False,1.08219,0.602516,0.000137703,0.736264,0.255523,0.843472,0.060382,-0.0170764,-0.0183628,0.00306559,0.505306,3998.34,35093.8
18,185,0.115281,0.171324,0.059238,0.12365,30.8,False,1.23274,0.84143,0.000108034,0.709146,0.250188,0.7974,0.0232758,0.00379526,-0.0048311,-0.00103102,0.584461,3135.22,72165.2
18,186,0.110707,0.166962,0.054452,0.12365,34.4,False,0.948095,0.545348,0.000115929,0.859579,0.313957,0.829927,0.0993798,-0.0190021,0.00485795,0.00616364,0.529332,2730.16,84002.6
18,187,0.121061,0.173619,0.068503,0.12365,37.0,False,0.980826,0.719082,0.00010003,0.911427,0.391957,0.813456,0.0961051,-0.0181148,-0.0119518,-0.00539639,0.571274,1006.67,9016.02
18,188,0.112754,0.167585,0.057922,0.12365,33.4,False,1.05914,0.625886,0.000243599,0.782853,0.355662,0.861653,0.033465,-0.0142879,-0.0013624,-0.00868182,0.394445,1726.59,255200
18,189,0.126413,0.176119,0.076708,0.12365,38.3,False,0.93919,0.763418,0.000162355,0.689638,0.267355,0.815824,0.0659454,-0.0176828,-0.0174935,0.0159892,0.587967,4096.73,145309
18,190,0.126444,0.194328,0.058559,0.12365,37.0,False,0.824906,0.713359,0.000189839,0.488618,0.267481,0.811125,0.0725236,-0.0192168,0.00414028,-0.00589333,0.48009,9289.41,54509.7
19,191,0.113880,0.173690,0.054071,0.11439,36.4,False,0.591011,0.737957,0.000244879,0.945962,0.23006,0.801178,0.0345945,-0.0130277,0.00153113,0.00283051,0.668333,6180.37,106088
19,192,0.122199,0.183441,0.060957,0.11439,32.0,False,0.793104,0.636682,0.000106697,0.843896,0.385051,0.861351,0.0712892,0.00459923,0.00582339,-0.00930574,0.524044,2689.05,46876.6
19,193,0.116481,0.176902,0.056060,0.11439,35.0,False,1.21561,0.40499,0.0002358,0.864229,0.415595,0.803391,0.019266,-0.0141388,-0.011201,-0.00363586,0.511767,630.775,13904.1
19,194,0.112294,0.173059,0.051528,0.11439,37.8,False,0.839709,0.632336,0.000138682,0.530735,0.34504,0.815682,0.0262853,-0.0183701,0.000819044,0.018709,0.592775,3008.74,215124
19,195,0.111810,0.165225,0.058396,0.11439,32.8,False,1.06057,0.852565,0.000274929,0.885476,0.241291,0.889932,0.0541082,-0.0130576,0.00348519,0.0122816,0.65226,2191.95,299935
19,196,0.116621,0.178387,0.054855,0.11439,35.6,False,0.972388,0.488231,0.000149074,0.703001,0.237052,0.833959,0.0574297,-0.0185218,0.00495377,-0.00141748,0.434177,1355.79,274002
19,197,0.115257,0.173445,0.057069,0.11439,33.9,False,0.927966,0.53458,0.000211285,0.535704,0.350754,0.769508,0.0363853,-0.00669958,0.00487116,0.015316,0.538193,5331.19,40485.5
19,198,0.114568,0.174641,0.054494,0.11439,36.4,False,0.940813,0.497431,0.000101721,1.12844,0.375812,0.847301,0.0488995,-0.0124268,-0.0120836,-0.0115841,0.498955,1945.68,97300.4
19,199,0.115589,0.173019,0.058159,0.11439,32.7,False,0.996862,0.624375,0.0001072,0.764816,0.306884,0.843742,0.0624888,-0.000810947,0.00382793,0.00622337,0.595526,711.885,48565.2
19,200,0.112598,0.169051,0.056144,0.11439,32.7,False,1.28031,0.605293,0.000137073,0.819002,0.352983,0.803431,0.0903069,0.00224412,-0.0107057,-0.000197522,0.576721,1159.36,66750.9
20,201,0.110419,0.166539,0.054299,0.11362,34.1,False,1.28799,0.907725,0.000290452,0.82496,0.292886,0.840883,0.0317957,-0.0097069,-0.00651052,0.0145046,0.427264,1947.73,280775
20,202,0.114318,0.171748,0.056887,0.11362,32.8,False,0.99433,0.799309,0.000101987,0.811803,0.26952,0.81691,0.0522835,-0.0204515,0.00912439,0.00141316,0.446185,3998.1,286920
20,203,0.111328,0.164280,0.058376,0.11362,34.3,False,0.586714,0.589664,0.000114444,1.03391,0.309386,0.842865,0.031148,-0.0111941,0.00467326,0.0146038,0.680804,1514.59,148115
20,204,0.114733,0.174633,0.054833,0.11362,33.5,False,0.796025,0.883694,0.000102948,0.758326,0.291482,0.808014,0.0672356,-0.0190037,0.00968392,0.0101992,0.708566,4680.26,296180
20,205,0.125450,0.175042,0.075857,0.11362,28.1,False,1.06073,1.04258,0.000101142,0.541322,0.279132,0.835406,0.0483666,-0.00200483,-0.0227521,0.0118035,0.636282,3471.42,161818
20,206,0.114068,0.176463,0.051674,0.11362,27.8,False,0.786917,1.12331,0.000395821,0.615807,0.325611,0.899635,0.0521583,-0.0280891,0.000759572,0.00550901,0.531978,2266.22,290585
20,207,0.121496,0.179060,0.063932,0.11362,22.5,False,1.26454,0.844972,0.000103164,1.08757,0.435072,0.814575,0.0951583,-0.00771566,0.00398059,-0.00652159,0.691418,4470.86,141630
20,208,0.121843,0.169801,0.073886,0.11362,25.7,False,1.11152,0.833674,0.000168047,0.707122,0.204735,0.91787,0.0373216,-0.0227511,-0.00533458,0.0160644,0.752316,1842.22,107750
20,209,0.117797,0.170630,0.064964,0.11362,24.7,False,0.841408,0.987612,0.000104162,0.857836,0.256311,0.867754,0.0901069,-0.0295291,0.000811448,0.00896078,0.651599,3175.47,171013
20,210,0.112532,0.164863,0.060200,0.11362,20.6,False,1.04849,0.674983,0.000161283,0.90136,0.198293,0.864399,0.0334612,-0.00285818,-0.00108206,0.0112407,0.606918,1993.47,77929.6
21,211,0.110696,0.164633,0.056759,0.11183,26.1,False,0.872283,0.802751,0.000112998,0.916789,0.33784,0.821533,0.0527548,0.00115615,-0.0063838,0.0110678,0.572057,1821.58,171220
21,212,0.114609,0.170402,0.058816,0.11183,24.3,False,0.914566,0.530983,0.000240796,0.713457,0.331309,0.86055,0.0202981,-0.000718404,-0.00326623,-0.00187057,0.558401,2557.8,289440
21,213,0.126765,0.179151,0.074380,0.11183,27.3,False,1.07493,0.842629,0.000801406,0.711156,0.234355,0.834789,0.0179964,-0.0139113,-0.0215868,0.018835,0.60186,2082.24,60349.6
21,214,0.121502,0.169915,0.073088,0.11183,29.7,False,0.842959,0.545783,0.00109273,0.711229,0.313586,0.884594,0.0172124,-0.0164628,-0.0107769,0.0125504,0.523178,1382.87,174815
21,215,0.116927,0.172513,0.061342,0.11183,32.0,False,1.26235,1.15367,0.0005319,1.13484,0.136215,0.8501,0.0284154,0.00832894,-0.0138191,0.0217871,0.429832,1482.61,271311
21,216,0.115400,0.174327,0.056474,0.11183,35.6,False,0.987486,0.681121,0.000318212,1.07243,0.332807,0.854487,0.0262194,-0.0079994,-0.0144035,-0.00815358,0.493698,1777.51,133795
21,217,0.111339,0.166443,0.056236,0.11183,35.2,False,0.96099,0.754926,0.000178253,0.684325,0.26554,0.860102,0.0254583,0.00650013,-0.0098923,0.0177401,0.567519,1874,278999
21,218,0.112328,0.165529,0.059127,0.11183,33.5,False,0.645315,0.74625,0.000135638,1.00603,0.317506,0.803539,0.0264418,-0.00865143,0.00273874,0.0039489,0.66283,2642.69,122548
21,219,0.111378,0.168274,0.054482,0.11183,36.1,False,0.894303,0.714052,0.000357675,0.897547,0.282409,0.927751,0.0578259,-0.0161924,-0.00162641,-0.00130987,0.545443,7297.07,154918
21,220,0.116919,0.179883,0.053956,0.11183,36.8,False,0.588117,1.07283,0.000153192,0.508662,0.284532,0.771495,0.010869,-0.0191872,0.00105538,0.022258,0.561529,2090.5,166162
22,221,0.110910,0.161641,0.060178,0.10344,32.3,False,0.769754,0.911231,0.000166446,1.16008,0.315214,0.886255,0.0461169,-0.00751519,0.00252767,0.019405,0.576934,1613.35,202251
22,222,0.111656,0.166321,0.056992,0.10344,33.1,False,0.920251,0.692588,0.00016753,0.853692,0.318706,0.828056,0.0689854,0.00143902,-0.00293164,0.0107976,0.612621,2179.24,144208
22,223,0.122835,0.171122,0.074548,0.10344,37.3,False,1.00647,0.948506,0.000107828,0.774817,0.299172,0.866107,0.0846963,-0.0102242,-0.0120951,0.0111417,0.592407,1111.51,110994
22,224,0.110497,0.168089,0.052905,0.10344,36.1,False,0.574146,0.884618,0.000129545,1.02485,0.255833,0.786383,0.0489493,-0.0210753,0.00634322,0.016763,0.583249,3201.45,103088
22,225,0.112819,0.168194,0.057444,0.10344,29.9,False,0.800136,0.721481,0.000202928,0.731644,0.265806,0.830998,0.0192366,0.00661617,-0.00887317,0.0111189,0.375847,2392.05,267319
22,226,0.126792,0.175755,0.077830,0.10344,32.0,False,0.963206,0.513572,0.000163699,1.02464,0.303474,0.849801,0.0720764,-0.0144167,-0.0169176,0.00536629,0.687196,1203.26,299943
22,227,0.113554,0.175548,0.051559,0.10344,32.3,False,0.43468,0.768021,0.000120447,1.16864,0.231656,0.845983,0.027517,0.000774392,-0.0148048,-0.0022456,0.584019,2612.34,241601
22,228,0.112162,0.164042,0.060282,0.10344,28.2,False,0.770105,0.86647,0.00011906,0.852565,0.292093,0.856529,0.0131683,0.0139703,-0.015233,0.00493854,0.55583,6615.41,299687
22,229,0.109612,0.164872,0.054353,0.10344,22.9,False,0.789002,1.15746,0.000213979,0.72659,0.395109,0.771796,0.0654304,0.00393829,-0.00946394,0.015565,0.705133,1863.73,134862
22,230,0.112041,0.163084,0.060997,0.10344,20.7,False,0.831507,0.718526,0.000399937,0.929794,0.404482,0.822149,0.0350623,0.0128976,-0.0105059,0.0133463,0.443055,1538.97,273640
23,231,0.117985,0.168549,0.067420,0.10502,24.6,False,0.652821,1.27278,0.000248352,1.05473,0.31406,0.835997,0.0571177,-0.00165572,-0.00962986,0.0237483,0.615035,1301.68,227055
23,232,0.112112,0.170868,0.053355,0.10502,24.3,False,0.59086,0.88398,0.000359723,0.886511,0.256313,0.845103,0.0596186,-0.00204911,-9.64423e-05,0.0226551,0.712363,1915.2,179826
23,233,0.109359,0.164459,0.054258,0.10502,24.4,False,0.743426,0.927887,0.000159573,0.866617,0.373287,0.764439,0.0779596,0.00725589,-0.00932639,0.0191067,0.731338,1274.16,119629
23,234,0.119240,0.184075,0.054406,0.10502,23.7,False,0.49756,0.647427,0.000141841,0.651106,0.326168,0.802934,0.0345134,-0.00200006,0.00255606,0.0116077,0.724553,2768.16,238865
23,235,0.129253,0.179785,0.078722,0.10502,32.0,False,0.889331,1.16224,0.000127036,1.21365,0.304249,0.787138,0.0928559,-0.0132123,-0.014306,0.0103093,0.684826,1146.98,109489
23,236,0.112820,0.165304,0.060335,0.10502,26.7,False,0.639076,0.93956,0.000178733,0.702096,0.434845,0.800206,0.0214127,0.00705445,-0.00447447,0.0143583,0.529932,1627.14,259567
23,237,0.115916,0.176369,0.055463,0.10502,30.2,False,0.453791,0.984714,0.000107625,1.00132,0.2703,0.811682,0.0451379,-0.00403162,0.00645634,0.0193554,0.659804,1694.59,257526
23,238,0.119544,0.181127,0.057962,0.10502,26.2,False,0.929151,0.793822,0.000100994,0.657315,0.334298,0.779127,0.0798977,0.00226985,0.00555083,0.00757649,0.47905,1939.69,152170
23,239,0.113254,0.172778,0.053731,0.10502,24.9,False,0.588158,1.10708,0.000156582,0.681635,0.310705,0.841978,0.0710661,-0.000362113,-0.00027584,0.0291469,0.709462,2149.03,296413
23,240,0.122837,0.189036,0.056639,0.10502,23.6,False,0.484292,0.94671,0.000101189,0.979013,0.26865,0.853352,0.0822004,0.00540076,0.00905802,0.00836995,0.622874,1610.39,140763
24,241,0.109844,0.163345,0.056343,0.10526,23.2,False,0.804492,1.06671,0.000316439,1.06888,0.262741,0.823774,0.0468426,-0.00616562,-0.000231562,0.0214754,0.677024,1539.7,74518.1
24,242,0.110266,0.166128,0.054404,0.10526,23.8,False,0.807689,0.743786,0.000111359,0.6041,0.430155,0.780504,0.0959915,0.0139519,-0.0136851,0.0209142,0.789872,2646.4,291298
24,243,0.111186,0.164900,0.057471,0.10526,22.6,False,1.03999,0.986663,0.000110589,0.560033,0.36246,0.734784,0.0319041,0.00487867,-0.00497965,0.0247477,0.658946,1466.97,263224
24,244,0.117822,0.172271,0.063373,0.10526,22.4,False,0.334092,1.12916,0.000100048,1.02743,0.41399,0.757585,0.0767887,0.015516,0.000960167,0.0239378,0.79769,585.616,81721.7
24,245,0.123205,0.170723,0.075687,0.10526,24.9,False,0.575831,0.893961,0.00021374,0.925069,0.341782,0.787606,0.0615372,-0.00985678,-0.0066785,0.0324221,0.749234,3119.67,160366
24,246,0.110508,0.162397,0.058619,0.10526,23.8,False,0.600298,1.16596,0.000100425,1.12536,0.406397,0.778289,0.0980125,0.0134233,-0.0106165,0.0186043,0.721706,681.98,299523
24,247,0.123538,0.173268,0.073808,0.10526,25.5,False,0.959136,0.896824,0.000103437,0.64709,0.403308,0.77861,0.0786947,0.00455542,-0.0202717,0.0222657,0.676623,1510.01,101755
24,248,0.110582,0.162686,0.058478,0.10526,23.7,False,0.742371,1.00478,0.000128652,0.818686,0.395131,0.841168,0.0637158,0.0292197,-0.017544,0.0206864,0.637363,1354.21,83044.5
24,249,0.113863,0.174748,0.052978,0.10526,23.5,False,0.438913,0.614184,0.000116974,0.963958,0.315608,0.800766,0.0697127,0.00518952,-0.00822993,0.00801776,0.65069,1548.1,93755.7
24,250,0.116485,0.167966,0.065003,0.10526,19.1,False,0.989131,0.865634,0.000100911,1.19289,0.294644,0.743278,0.098794,-0.0057491,0.0122227,0.0229227,0.620609,933.5,160864
25,251,0.119850,0.170696,0.069004,0.10361,26.0,False,0.734714,0.960562,0.000103748,0.789966,0.367363,0.800104,0.0447733,0.00740487,-0.0218218,0.0119979,0.781571,3100.97,134708
25,252,0.116020,0.167066,0.064974,0.10361,20.6,False,1.04686,1.04502,0.00010604,0.99582,0.390468,0.758842,0.0835313,0.0136163,2.31783e-06,0.0226446,0.755289,3687.62,228265
25,253,0.110296,0.161564,0.059028,0.10361,22.4,False,0.656203,1.15988,0.000406237,0.830909,0.359454,0.796667,0.08842,0.0211594,-0.010886,0.0305329,0.795973,750.354,299060
25,254,0.126496,0.169638,0.083354,0.10361,19.4,False,0.847532,1.12911,0.000102832,0.771222,0.397672,0.81687,0.0450249,0.0251459,-0.00461507,0.042827,0.799243,1719.22,279586
25,255,0.112902,0.165397,0.060408,0.10361,23.0,False,0.720931,1.30042,0.000226347,1.1134,0.355994,0.839638,0.0496291,0.00683791,-0.00724042,0.0320954,0.753944,1669.29,299957
25,256,0.124507,0.174450,0.074563,0.10361,24.7,False,0.591738,0.98195,0.000115549,0.628333,0.260444,0.786278,0.0329685,0.00438058,-0.011971,0.0355312,0.668604,2008.08,102081
25,257,0.130176,0.183430,0.076923,0.10361,19.3,False,0.551019,0.871585,0.000101442,0.989396,0.379491,0.745933,0.0961275,0.0261742,0.00172328,0.0336561,0.70518,2940.87,88189.8
25,258,0.109410,0.165496,0.053323,0.10361,24.7,False,0.521468,1.1227,0.000169355,1.04349,0.387587,0.742088,0.0822398,-0.00590992,-0.004943,0.0232365,0.753802,1059.63,148445
25,259,0.118364,0.180378,0.056351,0.10361,22.2,False,0.524404,0.689203,0.000109654,1.03258,0.264032,0.778783,0.077205,0.011738,6.7064e-05,0.0054174,0.793383,1778.09,49448.1
25,260,0.111058,0.160868,0.061248,0.10361,20.7,False,0.863206,0.866098,0.000129932,1.02907,0.318776,0.796433,0.0598941,0.00903336,-0.00264955,0.0302296,0.78947,2402.1,167817
26,261,0.128935,0.178088,0.079782,0.10929,23.6,False,0.840924,0.973048,0.000150397,1.31774,0.29029,0.724541,0.0529081,-0.00521003,-0.0125162,0.0281929,0.799687,1553.32,299872
26,262,0.122835,0.172043,0.073627,0.10929,25.8,False,0.521764,1.14076,0.000162929,0.931422,0.308471,0.782456,0.0552105,0.00568684,-0.0189936,0.0259251,0.790303,736.293,250444
26,263,0.110359,0.167171,0.053546,0.10929,24.7,False,0.869023,1.35012,0.000100513,0.90963,0.303706,0.707803,0.0860132,-0.0102359,-0.00271752,0.017144,0.799208,1663.68,201721
26,264,0.114098,0.165511,0.062685,0.10929,21.5,False,0.595549,0.966172,0.000339204,0.831559,0.352129,0.809273,0.0581791,0.0145288,-0.00192821,0.0299611,0.7313,1158.17,131058
26,265,0.117077,0.182261,0.051892,0.10929,25.8,False,0.343232,1.02111,0.00014949,1.06964,0.320446,0.78592,0.0992921,-0.0206848,0.00819951,0.0125038,0.730272,553.752,161926
26,266,0.124520,0.174178,0.074861,0.10929,25.1,False,0.68622,0.911999,0.000100285,0.994794,0.307638,0.74174,0.0713164,0.00474851,-0.0193286,0.0265782,0.79994,945.723,151367
26,267,0.115595,0.165733,0.065458,0.10929,23.5,False,0.60534,1.54023,0.000320856,0.991704,0.3229,0.769411,0.077642,0.00702899,-0.00734741,0.0391515,0.65107,1646.8,298112
26,268,0.115260,0.167158,0.063361,0.10929,22.3,False,0.55449,1.29598,0.000669046,1.04825,0.495394,0.707124,0.0996678,0.0134888,-0.00696565,0.00994342,0.799667,1344.87,299968
26,269,0.126968,0.178949,0.074986,0.10929,24.3,False,0.301032,1.08337,0.000116535,1.31782,0.322378,0.752821,0.0998294,0.00635238,-0.0285485,0.0228467,0.785654,563.104,276298
26,270,0.146179,0.184166,0.108191,0.10929,17.3,False,0.707448,1.22874,0.000154264,1.02946,0.473727,0.716076,0.0990523,0.0287102,-0.00389794,0.0408401,0.742515,392.712,297827
27,271,0.123764,0.181958,0.065570,0.11300,19.6,False,0.870607,1.07263,0.000136555,0.802477,0.444317,0.717792,0.0762896,0.0140097,0.00365264,0.0103863,0.682818,3099.44,296411
27,272,0.123263,0.169779,0.076747,0.11300,23.6,False,0.854401,1.52609,0.000429948,0.800982,0.374783,0.707111,0.0976217,0.0026266,-0.0100218,0.0320924,0.787655,701.52,291886
27,273,0.116568,0.170415,0.062721,0.11300,25.4,False,0.985863,0.797572,0.000226611,0.560331,0.297409,0.731482,0.0216894,-0.00520564,-0.0137627,0.0123261,0.775657,742.016,122400
27,274,0.119717,0.176611,0.062824,0.11300,19.9,False,0.878788,1.08997,0.000100893,0.710129,0.388196,0.70696,0.083852,0.00467946,0.00746797,0.0185617,0.78249,1241.31,161533
27,275,0.112114,0.168891,0.055338,0.11300,23.0,False,0.710902,1.26348,0.000143025,0.998342,0.267926,0.770736,0.0796171,-0.00577797,0.00221651,0.00981814,0.743782,1284.22,264178
27,276,0.127405,0.175337,0.079474,0.11300,22.8,False,0.764553,1.33267,0.000139007,1.14422,0.341028,0.701163,0.0957919,-0.000574536,-0.00805595,0.038322,0.782071,336.144,119125
27,277,0.111514,0.166674,0.056353,0.11300,23.4,False,0.537268,1.40982,0.0001991,0.910639,0.338733,0.700381,0.0976038,0.000811496,-0.00137035,0.0239227,0.752475,1533.48,283476
27,278,0.118726,0.172138,0.065313,0.11300,21.5,False,0.427883,1.40144,0.000184806,0.912107,0.446221,0.700054,0.0770296,0.00919457,0.00214713,0.0259947,0.79949,1963.28,296642
27,279,0.112053,0.169966,0.054140,0.11300,22.0,False,0.825494,1.12741,0.000169679,0.695872,0.352805,0.763408,0.0902417,-0.0132471,0.000701036,0.00776093,0.743825,701.603,219728
27,280,0.115347,0.167769,0.062925,0.11300,22.1,False,0.729226,1.05855,0.000304485,1.01038,0.277255,0.715658,0.0669231,0.00272482,-0.00863372,0.0254992,0.713518,1610.95,60467.4
28,281,0.109504,0.166294,0.052714,0.11113,25.7,False,0.733421,1.26746,0.000123322,1.08624,0.340478,0.763678,0.0904145,-0.00807971,-0.00272481,0.0147478,0.718577,1161.58,173187
28,282,0.110019,0.167942,0.052097,0.11113,26.4,False,0.717987,1.27047,0.000143872,0.715728,0.330105,0.741786,0.0931889,0.0117512,-0.0129765,0.0178868,0.794278,529.973,189331
28,283,0.123661,0.182975,0.064346,0.11113,23.4,False,0.274993,1.26162,0.0009193,1.00534,0.396706,0.765513,0.0389751,0.0134724,0.00530521,0.0293092,0.787395,2845.43,172463
28,284,0.114922,0.170575,0.059270,0.11113,23.4,False,0.628633,1.59524,0.000128867,1.0073,0.272562,0.710558,0.082791,0.0282946,-0.00850466,0.0211803,0.706669,929.321,121209
28,285,0.112885,0.172723,0.053047,0.11113,24.3,False,0.705811,1.28724,0.000288381,0.876572,0.240786,0.738338,0.0871511,-0.0134022,0.00553604,0.015171,0.520434,2733.69,215490
28,286,0.116320,0.172179,0.060461,0.11113,21.7,False,0.670021,1.4196,0.000120817,0.990386,0.26702,0.732328,0.0467204,-0.0002052,0.00827749,0.0213304,0.797907,572.471,299888
28,287,0.115017,0.172200,0.057833,0.11113,22.4,False,0.579212,1.52329,0.000345725,0.879501,0.365279,0.711778,0.0977468,-0.0162768,0.0117061,0.00827385,0.799933,1085.33,290106
28,288,0.111764,0.164283,0.059246,0.11113,23.3,False,0.766672,1.42732,0.000184907,0.811688,0.383309,0.70623,0.1,-0.00530614,7.92086e-05,0.0382182,0.682241,2694.02,298549
28,289,0.111616,0.169911,0.053321,0.11113,27.1,False,0.627285,1.52701,0.000115697,0.785019,0.3313,0.700185,0.0701577,-0.0148606,0.00157315,0.014238,0.779196,1304.68,281101
28,290,0.117785,0.174553,0.061017,0.11113,23.8,False,0.798635,1.39234,0.000118566,0.868511,0.280171,0.702765,0.0572571,0.00809137,0.00521146,0.0204561,0.799834,1499.38,71933.4
29,291,0.111275,0.164924,0.057626,0.10841,32.0,False,0.992283,1.29282,0.000103489,1.01145,0.279759,0.746886,0.098476,-0.00483335,0.00374511,0.0210143,0.775852,1053.99,63007.1
29,292,0.112327,0.173592,0.051063,0.10841,38.7,False,0.418096,1.23475,0.000273884,0.878925,0.332397,0.7553,0.0757811,0.00799769,-0.0141088,0.0158434,0.780993,716.591,129555
29,293,0.110550,0.161190,0.059910,0.10841,31.1,False,0.644737,1.17842,0.000115775,1.09997,0.351159,0.700098,0.0939823,-0.0126176,0.00877077,0.0193847,0.75332,1236.77,155034
29,294,0.110325,0.164636,0.056014,0.10841,33.1,False,0.684789,1.267,0.000101763,1.06719,0.301751,0.745828,0.0924737,0.00487204,-0.00352263,0.0157674,0.766878,895.587,273668
29,295,0.113369,0.175272,0.051466,0.10841,37.6,False,0.592683,1.05538,0.000135132,0.694588,0.295164,0.774197,0.0885196,0.010928,-0.016819,0.00816691,0.778194,1187.78,36314.1
29,296,0.110739,0.165721,0.055757,0.10841,33.3,False,0.682482,1.07248,0.000108141,1.07259,0.306897,0.705559,0.074353,0.00932581,-0.00993944,0.00633299,0.707015,834.529,224414
29,297,0.111572,0.157102,0.066041,0.10841,32.4,False,0.523388,1.41171,0.000168699,1.05605,0.481954,0.72174,0.0998072,0.00603054,-0.00263426,0.0294788,0.707192,1740.13,297300
29,298,0.109621,0.166897,0.052344,0.10841,35.4,False,0.848048,1.58848,0.000124607,0.772841,0.363869,0.760378,0.0803171,-0.00465235,-0.00642478,0.0125609,0.790838,1535.82,276354
29,299,0.122138,0.170061,0.074215,0.10841,35.8,False,0.794227,1.49599,0.0001615,0.749717,0.251261,0.702994,0.0837001,-0.00535579,-0.00587831,0.0315233,0.78198,758.849,238988
29,300,0.119736,0.172996,0.066476,0.10841,37.1,False,0.515366,0.835858,0.00018577,0.763612,0.33911,0.804849,0.0852596,-3.97633e-05,-0.016805,0.0151487,0.697106,893.549,88616.3
30,301,0.113166,0.172041,0.054291,0.10686,29.1,False,0.735004,1.57731,0.000200155,0.94416,0.260432,0.747061,0.099164,-0.00548215,0.000944964,0.00426762,0.720034,1217.72,299939
30,302,0.113605,0.166588,0.060621,0.10686,27.4,False,0.757911,1.34578,0.000105509,1.02938,0.308118,0.702406,0.0231021,-0.0150784,0.0071954,0.00233479,0.793192,1067.56,281322
30,303,0.115271,0.164980,0.065562,0.10686,26.4,False,0.817356,1.46346,0.000203192,0.933038,0.493411,0.700121,0.0391469,-0.00996556,0.00511385,0.0210952,0.546422,985.868,257743
30,304,0.116870,0.173691,0.060048,0.10686,28.5,False,0.365744,1.15728,0.000101891,0.876619,0.316908,0.782918,0.0999999,0.0148859,0.000339785,0.0342846,0.792756,1823.47,49312.8
30,305,0.111984,0.165143,0.058826,0.10686,22.6,False,0.771382,1.80593,0.000103028,1.14922,0.298627,0.728908,0.0984622,-0.0061884,0.00651379,0.00797969,0.634317,2227.01,275481
30,306,0.109861,0.167022,0.052700,0.10686,24.9,False,0.956834,0.930726,0.000176862,0.838574,0.249842,0.734962,0.0997936,-0.0124112,0.001734,0.0126132,0.79873,819.558,179238
30,307,0.116912,0.174689,0.059135,0.10686,22.3,False,0.822159,1.55221,0.000250584,0.889589,0.304511,0.802849,0.0933011,-0.00310034,0.0112817,0.0132918,0.775102,1334.33,31767.2
30,308,0.110805,0.168946,0.052664,0.10686,25.7,False,0.466792,1.52186,0.000102711,1.01978,0.362442,0.739399,0.0482415,-0.00412672,-0.00591773,0.0137176,0.653873,1414.09,236478
30,309,0.111072,0.165156,0.056989,0.10686,21.9,False,0.634279,1.47036,0.000101928,0.823369,0.345772,0.744068,0.0847112,0.00286019,-0.00263326,0.0223355,0.687243,647.259,286806
30,310,0.109164,0.165873,0.052455,0.10686,23.3,False,0.62715,1.48719,0.000193005,1.23442,0.281628,0.741731,0.09702,-0.00156088,-0.0050728,0.0164158,0.797419,1015.6,202940
31,311,0.111121,0.164569,0.057673,0.10355,23.9,False,0.676752,1.47007,0.000145928,1.29538,0.310881,0.723403,0.0712205,0.00200681,-0.00426811,0.00586809,0.742602,771.208,283323
31,312,0.110060,0.166825,0.053296,0.10355,25.5,False,0.638658,1.39218,0.000102557,0.961803,0.320048,0.737995,0.0885358,-0.0136825,0.000602585,0.0111378,0.728268,494.953,181686
31,313,0.111970,0.161471,0.062470,0.10355,21.7,False,0.667616,1.7581,0.000132261,1.01454,0.299936,0.707903,0.0659636,-0.00271432,0.00793143,0.0333826,0.771784,978.33,153291
31,314,0.114592,0.171205,0.057980,0.10355,23.1,False,0.837879,1.21062,0.000101404,0.975595,0.219831,0.770158,0.0748471,0.00314565,0.00119031,0.00133729,0.795378,1013,298805
31,315,0.115260,0.175228,0.055291,0.10355,24.7,False,0.522768,1.56003,0.000119916,0.822069,0.349577,0.714929,0.0700436,-0.0117008,0.0058693,0.0102993,0.7496,1245.29,296517
31,316,0.109800,0.167761,0.051839,0.10355,26.0,False,0.879342,1.70851,0.00010019,0.812854,0.244705,0.700714,0.094607,0.00576442,-0.00768839,0.0202272,0.708652,767.177,244324
31,317,0.110937,0.167042,0.054832,0.10355,25.3,False,0.781553,1.42574,0.000161566,1.05463,0.282804,0.753336,0.0803796,0.00636222,-0.00923721,0.0235042,0.79605,867.259,173913
31,318,0.112014,0.168830,0.055198,0.10355,25.3,False,0.830453,1.4648,0.000173521,1.07231,0.250307,0.71547,0.0876657,-0.00810315,-0.00591913,0.012087,0.707537,1447.56,299800
31,319,0.125144,0.174378,0.075910,0.10355,26.5,False,0.886362,1.37826,0.000100039,0.996664,0.357064,0.70046,0.0782924,0.0038138,-0.0191294,0.0158086,0.792331,981.771,299641
31,320,0.111587,0.170749,0.052425,0.10355,27.3,False,0.472224,1.10001,0.000113189,1.399,0.248966,0.75892,0.0967822,0.0174088,-0.0226827,-0.00648218,0.797579,675.63,288453
32,321,0.111822,0.170423,0.053221,0.10603,24.9,False,0.491017,1.62573,0.000100011,1.12796,0.266765,0.744506,0.0808925,0.00675858,-0.00684389,0.0136013,0.665715,169.295,231666
32,322,0.113356,0.171964,0.054747,0.10603,24.5,False,0.80474,1.28125,0.000100254,1.32641,0.295239,0.752468,0.0739734,-0.00826464,-0.00599656,0.00444388,0.684662,535.26,85760.8
32,323,0.123887,0.172638,0.075136,0.10603,25.5,False,0.629093,1.5633,0.000101459,1.17892,0.204819,0.71147,0.0994536,-0.0281539,0.000612348,0.0287439,0.792407,622.895,297285
32,324,0.112419,0.165043,0.059796,0.10603,21.9,False,1.04387,1.92474,0.000108972,0.998566,0.277184,0.703047,0.0535835,-0.00222788,-0.0020391,0.00902273,0.723519,803.25,193167
32,325,0.123084,0.173856,0.072312,0.10603,23.9,False,0.874574,1.42002,0.000246704,1.15876,0.290696,0.774798,0.0957084,0.00824539,-0.0138916,0.0214129,0.799672,572.469,197719
32,326,0.112143,0.169995,0.054292,0.10603,23.5,False,0.641915,1.1027,0.000319348,1.04046,0.258589,0.714731,0.0989694,-0.0023447,0.000158686,0.00977446,0.799261,606.969,221104
32,327,0.110063,0.162054,0.058072,0.10603,22.7,False,0.690413,1.92478,0.000155349,1.14115,0.296086,0.700427,0.0864283,-0.0100233,0.00732537,0.0219367,0.761875,599.442,181168
32,328,0.123013,0.173121,0.072905,0.10603,25.8,False,0.555327,1.76963,0.000137238,1.08136,0.175193,0.713066,0.099912,0.00175945,-0.0175275,0.0133763,0.776284,427.123,171657
32,329,0.110418,0.167923,0.052913,0.10603,22.8,False,0.948218,1.5142,0.000103518,0.931791,0.318122,0.720281,0.0975545,0.0059183,-0.0111612,0.0102681,0.799283,541.235,69661.9
32,330,0.112016,0.168994,0.055037,0.10603,21.3,False,1.02995,1.71796,0.00011071,1.08588,0.303816,0.714325,0.0612816,-0.0107379,-0.000507775,0.019175,0.799801,594.339,234960
33,331,0.113531,0.163355,0.063707,0.10929,20.5,False,1.06444,1.66314,0.000172972,0.954932,0.236111,0.717446,0.0488723,-0.00863443,0.0108875,0.0266594,0.700088,378.482,87118.9
33,332,0.124188,0.172076,0.076300,0.10929,24.6,False,0.863783,1.69796,0.000117676,0.997196,0.211701,0.700015,0.0957848,-0.00687568,-0.00783483,0.0275814,0.736851,835.222,262828
33,333,0.117112,0.172157,0.062067,0.10929,20.8,False,1.01031,1.95755,0.000141821,1.30897,0.28794,0.735607,0.0681864,-0.00352951,0.00213714,0.00899435,0.79984,612.077,30902.2
33,334,0.113730,0.176750,0.050709,0.10929,26.2,False,0.384925,1.99025,0.000100146,1.01814,0.285252,0.705468,0.0796209,-0.00418575,-0.00390511,0.0180647,0.743928,595.706,173721
33,335,0.112657,0.170178,0.055136,0.10929,23.9,False,0.936135,1.77701,0.000211498,1.232,0.264812,0.701118,0.0825075,-0.00968612,0.00104362,0.0173578,0.780368,289.848,287023
33,336,0.110960,0.163359,0.058561,0.10929,23.6,False,0.553244,1.82206,0.000108849,1.06018,0.357846,0.720949,0.0949508,-0.00120013,0.000627424,0.0153759,0.748912,625.063,132131
33,337,0.125142,0.172127,0.078157,0.10929,24.5,False,0.911619,1.90458,0.000145272,1.16715,0.353027,0.702455,0.0745056,0.000737234,-0.00427041,0.0342391,0.647956,123.907,282030
33,338,0.111368,0.167381,0.055355,0.10929,26.0,False,0.734402,1.605,0.000167931,0.976074,0.258007,0.717416,0.0599815,0.0123128,-0.015385,0.0212966,0.719749,433.669,292928
33,339,0.109703,0.165737,0.053668,0.10929,24.9,False,0.854916,1.60891,0.00020069,0.879755,0.31345,0.746493,0.0948833,0.00493174,-0.00692842,0.0160324,0.746033,456.411,101952
33,340,0.110108,0.168137,0.052080,0.10929,25.7,False,0.887637,1.4588,0.000257222,0.83727,0.319335,0.747545,0.0999167,0.00457436,-0.0121079,0.0111306,0.732018,223.774,205842
34,341,0.112088,0.169662,0.054513,0.11307,23.5,False,0.814508,1.47862,0.000141373,0.9477,0.2535,0.702216,0.0897746,-0.0115746,0.00158761,0.00159246,0.70024,428.553,143481
34,342,0.112824,0.170220,0.055428,0.11307,25.6,False,0.622083,1.55793,0.000470056,0.831625,0.345128,0.700097,0.0760921,0.00676819,-0.0199877,0.0102856,0.741813,809.502,205837
34,343,0.109870,0.166279,0.053460,0.11307,24.1,False,0.708361,1.37564,0.000173438,0.757474,0.396521,0.702599,0.0729738,0.0104519,-0.0154818,0.011463,0.781653,1150.62,277245
34,344,0.110357,0.167983,0.052732,0.11307,24.7,False,1.0157,1.55144,0.000125495,0.814711,0.318175,0.704709,0.0713197,0.00864022,-0.0148806,0.00630287,0.734601,226.433,238951
34,345,0.110141,0.164277,0.056004,0.11307,26.4,False,0.673186,1.32663,0.000184747,0.982974,0.325376,0.709275,0.0939388,-0.0040182,-0.000245973,0.0142103,0.536135,616.954,68662.2
34,346,0.110896,0.163167,0.058624,0.11307,25.9,False,0.631217,1.99041,0.000105788,1.17601,0.362068,0.743959,0.0662855,0.0011421,-0.00279281,0.0142145,0.731825,290.128,42166.6
34,347,0.113076,0.168950,0.057202,0.11307,25.8,False,0.841777,1.79524,0.000122421,0.955783,0.237975,0.709377,0.0950623,0.00243874,0.00234272,0.00808966,0.76515,269.682,66920.3
34,348,0.112462,0.173266,0.051658,0.11307,28.9,False,0.877341,1.40569,0.000497174,0.752725,0.240937,0.725508,0.1,0.0129294,-0.015545,0.00696309,0.738599,510.64,246378
34,349,0.123966,0.172829,0.075104,0.11307,23.0,False,0.931678,1.51714,0.000424308,0.743034,0.371626,0.702123,0.0610959,0.000690591,-0.0151902,0.0250219,0.741918,654.813,63517.2
34,350,0.113251,0.168535,0.057966,0.11307,21.2,False,1.03898,1.31904,0.000186649,0.865649,0.287022,0.702518,0.0732667,0.0109136,-0.00854425,-0.0014797,0.790069,977.142,277092
35,351,0.110521,0.168061,0.052980,0.10634,28.7,False,0.737807,1.68662,0.0001054,0.82702,0.274553,0.745942,0.0857452,-0.00385239,-0.00423196,0.022997,0.767505,442.235,175188
35,352,0.110936,0.163965,0.057906,0.10634,26.2,False,0.995681,1.65041,0.000102032,0.861123,0.281091,0.717737,0.0589029,-0.00391752,0.00173815,0.0219433,0.784436,1071.2,147295
35,353,0.115927,0.167686,0.064169,0.10634,27.6,False,0.833688,1.77404,0.000106218,0.914009,0.334044,0.702532,0.0987411,0.00319467,-0.0058805,0.0309589,0.798416,447.472,143343
35,354,0.113767,0.168529,0.059006,0.10634,24.6,False,0.892035,1.51816,0.000140193,0.345067,0.452137,0.734068,0.0889477,-0.00217854,0.00360576,0.0185379,0.552427,565.942,57982.4
35,355,0.123149,0.171512,0.074786,0.10634,26.1,False,0.796966,1.52744,0.000107986,0.805424,0.305805,0.739109,0.0995559,0.00186183,-0.013629,0.0260542,0.730076,495.265,34536.4
35,356,0.109983,0.166825,0.053141,0.10634,24.9,False,1.09989,1.27631,0.00010663,0.801872,0.338138,0.719218,0.0559047,0.00778824,-0.0129511,0.0136567,0.799752,375.659,230775
35,357,0.112443,0.169949,0.054937,0.10634,25.1,False,0.531129,1.20186,0.000108641,0.913073,0.378963,0.741572,0.0709849,0.0173493,-0.017944,0.00133915,0.753565,470.203,289670
35,358,0.112558,0.168928,0.056187,0.10634,23.2,False,0.787979,1.49312,0.00010947,0.819029,0.327689,0.714894,0.0903746,0.00520304,-0.00510366,0.00734129,0.652476,366.209,94666.4
35,359,0.111120,0.167083,0.055156,0.10634,23.7,False,0.777477,1.2555,0.000100383,0.76492,0.342724,0.709292,0.0668218,0.0154675,-0.0148678,0.00857008,0.759748,241.219,221885
35,360,0.110408,0.165699,0.055117,0.10634,23.5,False,0.640971,1.35706,0.000119764,0.976408,0.317025,0.753425,0.0993874,0.0130021,-0.00978526,0.0159828,0.694104,558.64,224367
36,361,0.111804,0.160909,0.062700,0.09814,24.3,False,0.922577,1.13409,0.000178714,1.01788,0.368088,0.746344,0.0595793,-0.0026378,0.00391623,0.0291324,0.798192,495.362,289819
36,362,0.109448,0.164599,0.054297,0.09814,26.5,False,0.823384,1.42479,0.000142867,1.0701,0.269661,0.736377,0.0921491,0.00397213,-0.00300253,0.0250789,0.787526,418.209,287979
36,363,0.117498,0.169703,0.065292,0.09814,28.0,False,0.935647,1.52476,0.000100168,0.916571,0.315936,0.722458,0.0994523,-0.0156753,-0.00141039,0.0201599,0.74538,625.926,277204
36,364,0.111066,0.166649,0.055483,0.09814,27.4,False,0.687045,1.57948,0.000147153,0.996758,0.333622,0.728509,0.0662795,0.0160981,-0.0147054,0.0264252,0.766015,979.435,131931
36,365,0.113558,0.173357,0.053759,0.09814,27.6,False,0.992832,1.67025,0.00018478,0.461047,0.330253,0.800152,0.0205419,0.00386438,-0.0161616,0.0141643,0.774379,390.18,171164
36,366,0.111113,0.163310,0.058916,0.09814,23.4,False,0.783308,1.21418,0.000100172,0.840893,0.404319,0.704968,0.0890365,0.00269748,-0.00467968,0.0148016,0.751255,465.776,106068
36,367,0.112925,0.166748,0.059103,0.09814,23.6,False,0.875933,1.60405,0.000102081,0.809749,0.306356,0.702352,0.0490294,0.0270256,-0.0137863,0.0164032,0.756294,543.9,218878
36,368,0.110277,0.167352,0.053202,0.09814,25.7,False,0.877172,1.49623,0.000125703,0.836514,0.35258,0.715954,0.0999975,0.00906088,-0.0141749,0.0070965,0.777715,438.226,244821
36,369,0.110306,0.165697,0.054916,0.09814,22.3,False,0.876636,1.2919,0.0001011,0.699235,0.405422,0.747232,0.0389731,0.00348855,-0.00916382,0.0271296,0.781034,422.04,257726
36,370,0.110717,0.165643,0.055791,0.09814,22.2,False,0.88918,1.25867,0.000158685,0.690912,0.411946,0.720932,0.0983576,0.0228178,-0.0193528,0.0125749,0.722315,142.619,99560.5
